applicant_id,avg_hold_time,std_hold,backspace_freq,interkey_mean,mouse_jitter,ocr_confidence,device_fp_sim,label
app_0,133.585,62.165,0.739,141.848,4.674,68,0.293,1
app_1,108.375,60.986,0.01,177.518,1.403,75,0.387,0
app_2,130.765,30.266,0.213,48.207,1.616,65,0.573,1
app_3,78.782,33.318,0.058,228.593,4.416,69,0.044,1
app_4,172.646,47.707,0.5,108.419,0.16,92,0.577,0
app_5,113.873,29.408,0.562,167.089,1.761,73,0.374,0
app_6,148.703,41.91,0.769,173.867,3.795,77,0.321,0
app_7,80.892,49.583,0.884,168.87,0.763,76,0.683,0
app_8,126.914,17.115,0.563,200.025,0.4,86,0.161,1
app_9,105.462,31.202,0.604,214.316,3.3,97,0.816,0
app_10,158.447,52.042,0.1,103.833,1.145,71,0.447,0
app_11,124.896,54.545,0.875,74.308,2.279,75,0.034,1
app_12,125.425,23.923,0.003,214.213,2.47,90,0.233,0
app_13,151.126,63.943,0.029,223.256,3.717,74,0.552,0
app_14,103.562,28.282,0.4,46.421,4.557,94,0.444,0
app_15,133.993,35.707,0.944,139.787,0.448,94,0.282,0
app_16,80.534,26.308,0.665,97.313,2.879,99,0.41,0
app_17,181.775,42.079,0.04,149.819,2.892,64,0.613,1
app_18,127.621,51.433,0.699,195.967,2.803,91,0.635,0
app_19,128.024,64.204,0.636,20,3.667,71,1.0,0
app_20,100.147,6.089,0.13,167.024,2.551,94,0.434,0
app_21,128.741,67.955,0.792,158.21,2.066,66,0.354,1
app_22,138.153,59.056,0.628,228.222,1.823,95,0.12,1
app_23,79.995,42.456,0.538,100.513,0.257,62,0.981,1
app_24,62.385,26.46,0.167,181.578,3.736,91,0.283,0
app_25,82.334,55.338,0.241,175.185,3.364,80,0.338,0
app_26,132.99,13.716,0.812,106.917,4.6,76,0.103,1
app_27,152.648,50.633,0.864,166.601,0.155,86,0.533,0
app_28,133.367,42.707,0.542,156.198,4.399,68,0.267,1
app_29,116.599,46.179,0.034,189.182,4.768,91,0.234,0
app_30,119.991,38.83,0.729,207.214,4.07,63,0.523,1
app_31,52.84,30.985,0.246,58.154,3.46,67,0.028,1
app_32,165.242,46.925,0.036,173.691,0.819,62,0.784,1
app_33,112.559,53.94,0.972,176.135,4.222,66,0.366,1
app_34,120.762,51.597,0.523,124.022,0.451,76,0.149,1
app_35,80.173,20.546,0.044,134.377,3.371,77,0.802,0
app_36,147.354,26.728,0.091,112.692,4.167,63,0.403,1
app_37,108.82,42.268,0.677,105.313,0.543,86,0.416,0
app_38,171.094,70.355,0.935,126.929,2.615,74,0.628,0
app_39,152.194,49.158,0.875,122.17,4.421,68,0.76,1
app_40,122.173,70.92,0.205,135.34,1.724,78,0.289,0
app_41,20,78.652,0.915,150.418,1.008,70,0.501,1
app_42,109.913,45.483,0.354,171.039,4.133,71,0.873,0
app_43,98.922,32.364,0.76,195.514,1.564,71,0.564,0
app_44,117.557,37.33,0.833,127.671,2.558,94,0.877,0
app_45,104.541,22.833,0.323,148.09,1.058,93,0.006,1
app_46,77.061,50.042,0.543,61.264,2.296,97,0.861,0
app_47,122.6,30.856,0.052,151.919,3.464,88,0.227,0
app_48,119.679,48.015,0.45,154.659,2.152,87,0.29,0
app_49,93.977,24.985,0.033,199.737,3.622,96,0.543,0
app_50,158.014,53.626,0.177,133.055,3.361,64,0.302,1
app_51,131.118,64.267,0.189,241.013,4.7,76,0.07,1
app_52,110.507,36.191,0.759,166.36,2.945,87,0.483,0
app_53,126.27,34.462,0.424,95.193,1.224,73,0.948,0
app_54,165.976,94.573,0.098,89.136,3.236,60,0.963,1
app_55,114.017,36.678,1.0,257.836,1.212,85,0.118,1
app_56,117.071,42.242,0.703,144.001,2.095,61,0.813,1
app_57,140.56,50.746,0.548,197.24,1.479,72,0.172,1
app_58,116.703,55.766,0.165,180.083,0.093,80,0.046,1
app_59,127.104,40.277,0.003,185.873,4.913,81,0.801,0
app_60,83.911,5.031,0.601,112.29,4.147,84,0.386,0
app_61,119.879,44.909,0.603,185.961,3.125,62,0.623,1
app_62,104.32,59.759,0.563,233.744,1.453,69,0.277,1
app_63,107.505,39.563,0.558,149.684,1.575,95,0.533,0
app_64,110.389,59.021,0.26,167.919,2.531,66,0.809,1
app_65,117.249,33.176,0.131,228.226,3.643,71,0.048,1
app_66,189.012,25.986,0.823,141.896,0.311,95,0.404,0
app_67,104.416,29.987,0.787,252.734,1.963,64,0.642,1
app_68,136.555,26.991,0.464,169.232,2.194,84,0.491,0
app_69,97.221,32.337,0.215,174.927,2.569,88,0.033,1
app_70,125.265,27.548,0.477,139.767,4.772,76,0.787,0
app_71,142.94,44.672,0.703,226.571,1.966,78,0.094,1
app_72,102.949,40.818,0.495,109.149,1.889,61,0.562,1
app_73,121.5,46.674,0.354,158.044,2.34,78,0.144,1
app_74,56.888,25.25,0.053,208.928,1.005,86,0.544,0
app_75,136.401,47.425,0.838,243.252,3.235,79,0.394,0
app_76,121.358,64.383,0.046,124.836,0.72,93,0.384,0
app_77,133.604,26.099,0.681,142.659,1.26,99,0.583,0
app_78,66.716,22.525,0.037,196.479,2.622,84,0.893,0
app_79,135.972,21.439,0.884,126.661,4.886,71,0.538,0
app_80,105.944,35.576,0.38,125.663,1.045,95,0.551,0
app_81,103.094,34.773,0.828,166.419,4.537,64,0.047,1
app_82,92.63,39.023,0.959,138.32,3.961,92,0.724,0
app_83,117.851,50.356,0.039,143.416,0.677,77,0.903,0
app_84,112.464,13.574,0.443,128.051,4.634,71,0.914,0
app_85,181.917,70.301,0.697,88.468,2.465,63,0.714,1
app_86,140.87,49.242,0.879,147.356,2.687,71,0.272,0
app_87,138.313,42.57,0.892,105.294,4.806,71,0.38,0
app_88,111.106,29.823,0.457,39.545,1.929,65,0.988,1
app_89,131.308,39.821,0.149,172.7,3.063,80,0.662,0
app_90,100.252,41.556,0.885,110.408,3.812,76,0.406,0
app_91,124.002,36.066,0.847,166.956,4.807,64,0.606,1
app_92,164.301,25.45,0.171,92.82,4.996,91,0.615,0
app_93,157.386,36.23,0.283,204.093,2.948,63,0.65,1
app_94,129.961,51.736,0.506,94.419,1.284,66,0.577,1
app_95,104.599,41.243,0.289,282.065,3.362,76,0.423,0
app_96,90.043,44.264,0.364,74.548,0.418,65,0.278,1
app_97,116.664,34.335,0.325,114.128,1.606,99,0.5,0
app_98,99.964,33.919,0.485,173.23,1.925,76,0.004,1
app_99,125.243,22.47,0.718,149.8,1.906,86,0.739,0
app_100,75.547,12.837,0.273,234.335,2.715,74,0.389,0
app_101,92.933,46.97,0.322,167.904,1.776,99,0.951,0
app_102,139.966,50.36,0.624,72.034,4.651,66,0.81,1
app_103,119.881,51.674,0.521,87.829,2.897,90,0.156,1
app_104,133.617,36.887,0.062,217.256,2.321,81,0.823,0
app_105,137.025,35.255,0.277,168.277,3.705,63,0.738,1
app_106,117.778,88.666,0.571,123.387,2.489,71,0.124,1
app_107,115.483,49.613,0.702,180.588,3.294,96,0.103,1
app_108,133.509,35.442,0.597,187.133,3.069,92,0.649,0
app_109,107.355,51.423,0.872,117.904,1.483,91,0.92,0
app_110,146.954,30.968,0.269,163.886,2.749,85,0.813,0
app_111,79.836,30.241,0.964,207.807,2.272,91,0.767,0
app_112,120.4,15.872,0.295,181.668,3.103,91,0.49,0
app_113,79.136,13.195,0.782,20,0.671,63,0.609,1
app_114,96.137,37.176,0.273,202.357,1.084,92,0.59,0
app_115,118.742,47.141,0.89,127.426,3.499,95,0.657,0
app_116,110.823,30.043,0.788,20,4.781,86,0.35,0
app_117,102.928,20.986,0.316,187.247,3.831,95,0.401,0
app_118,131.878,51.847,0.654,130.689,2.952,86,0.461,0
app_119,139.753,40.332,0.661,188.592,3.206,61,0.604,1
app_120,95.784,38.187,0.511,211.252,2.845,75,0.397,0
app_121,140.811,56.822,0.906,133.101,0.756,60,0.647,1
app_122,120.956,9.44,0.957,106.122,1.544,86,0.026,1
app_123,161.795,48.116,0.364,200.788,3.438,85,0.233,0
app_124,95.75,19.948,0.298,88.685,0.104,76,0.305,0
app_125,132.964,46.172,0.734,212.0,0.035,66,0.369,1
app_126,46.571,48.704,0.64,118.119,3.728,70,0.7,1
app_127,164.453,21.231,0.479,111.3,4.781,63,0.537,1
app_128,156.187,47.523,0.904,188.48,0.232,91,0.095,1
app_129,107.175,11.923,0.223,92.852,0.007,77,0.873,0
app_130,129.395,32.46,0.622,137.956,4.39,86,0.249,0
app_131,87.666,54.232,0.799,166.099,0.417,72,0.405,0
app_132,151.239,30.058,0.952,112.856,4.008,97,0.993,0
app_133,157.878,49.097,0.388,136.838,2.377,82,0.288,0
app_134,112.608,35.784,0.251,182.35,1.451,89,0.657,0
app_135,137.229,57.072,0.107,96.467,4.945,70,0.209,0
app_136,66.503,60.569,0.8,71.26,2.219,88,0.877,0
app_137,184.363,35.058,0.489,200.18,2.782,67,0.757,1
app_138,162.882,27.936,0.602,141.142,2.906,67,0.614,1
app_139,123.661,54.021,0.756,146.184,1.544,67,0.29,1
app_140,130.198,60.143,0.825,150.353,4.011,94,0.361,0
app_141,100.8,65.637,0.969,119.227,0.238,92,0.698,0
app_142,94.964,75.342,0.182,126.883,4.701,94,0.157,1
app_143,139.684,45.636,0.752,153.414,3.52,61,0.865,1
app_144,69.992,25.051,0.11,133.889,4.89,77,0.107,1
app_145,137.672,47.184,0.651,249.363,0.906,76,0.268,0
app_146,99.407,36.758,0.598,236.508,1.022,80,0.712,0
app_147,129.336,12.944,0.901,158.151,2.638,83,0.909,0
app_148,99.219,32.743,0.571,214.584,1.548,78,0.906,0
app_149,135.102,22.98,0.293,180.125,4.995,92,0.439,0
app_150,97.143,48.359,0.884,145.315,3.941,70,0.539,0
app_151,108.08,42.647,0.458,93.059,0.878,96,0.763,0
app_152,82.324,34.659,0.141,183.613,1.467,74,0.953,0
app_153,172.658,26.908,0.693,189.593,4.547,81,0.158,1
app_154,95.015,37.672,0.852,117.844,2.642,82,0.665,0
app_155,91.954,42.758,0.526,202.877,2.498,92,0.577,0
app_156,67.199,28.771,0.386,141.906,3.852,63,0.182,1
app_157,158.214,34.833,0.929,99.245,4.058,74,0.764,0
app_158,57.449,10.632,0.848,20,4.413,94,0.329,0
app_159,117.028,24.449,0.866,84.275,2.251,71,0.571,0
app_160,112.55,40.908,0.477,94.867,1.841,76,0.374,0
app_161,70.422,74.514,0.765,117.733,3.723,89,0.31,0
app_162,124.471,72.046,0.902,176.392,4.815,69,0.866,1
app_163,147.062,33.756,0.796,133.201,3.057,76,0.952,0
app_164,66.906,37.479,0.836,109.083,4.124,75,0.897,0
app_165,133.307,29.369,0.848,192.496,4.453,74,0.023,1
app_166,129.544,52.34,0.47,155.049,3.588,97,0.182,1
app_167,158.149,57.962,0.741,180.307,3.261,90,0.148,1
app_168,141.596,52.818,0.029,79.103,4.678,98,0.647,0
app_169,123.184,16.985,0.854,143.309,4.788,61,0.191,1
app_170,118.884,39.986,0.762,73.802,3.393,78,0.445,0
app_171,144.129,36.292,0.569,234.603,0.369,90,0.276,0
app_172,82.69,43.926,0.089,103.852,4.973,72,0.918,0
app_173,154.061,58.896,0.99,111.132,2.292,80,0.088,1
app_174,93.183,22.567,0.992,292.412,1.438,88,0.047,1
app_175,114.033,26.477,0.229,227.673,1.335,87,0.939,0
app_176,82.048,60.248,0.082,160.764,3.157,74,0.98,0
app_177,138.609,33.739,0.76,183.805,2.489,88,0.987,0
app_178,154.236,44.789,0.423,79.883,1.513,76,0.311,0
app_179,108.411,37.15,0.645,136.871,2.769,88,0.68,0
app_180,140.61,49.189,0.43,177.555,2.168,77,0.361,0
app_181,138.03,60.885,0.723,110.625,4.301,67,0.536,1
app_182,71.239,60.118,0.585,70.046,1.112,84,0.157,1
app_183,85.306,35.651,0.201,154.062,3.416,77,0.511,0
app_184,93.799,46.047,0.049,161.756,4.512,69,0.274,1
app_185,104.525,48.641,0.223,49.855,0.386,90,0.06,1
app_186,147.004,21.748,0.285,119.506,2.786,63,0.692,1
app_187,85.434,48.516,0.418,194.252,0.593,97,0.651,0
app_188,142.635,39.687,0.618,259.937,1.327,77,0.364,0
app_189,101.59,33.99,0.69,92.434,0.284,73,0.41,0
app_190,151.399,59.254,0.913,105.935,1.852,67,0.886,1
app_191,119.55,28.343,0.798,197.634,4.318,94,0.737,0
app_192,132.809,60.027,0.514,70.367,4.573,79,0.689,0
app_193,102.263,43.793,0.199,71.239,4.524,79,0.059,1
app_194,126.685,51.452,0.588,178.775,2.357,65,0.231,1
app_195,145.252,63.616,0.473,248.5,1.85,91,0.065,1
app_196,111.767,22.659,0.195,82.738,3.745,61,0.766,1
app_197,134.977,37.691,0.275,167.996,0.096,71,0.458,0
app_198,142.656,43.072,0.822,159.412,4.109,65,0.937,1
app_199,129.409,71.901,0.806,121.954,2.308,75,0.162,1
app_200,99.282,11.798,0.085,162.594,0.075,92,0.666,0
app_201,138.92,25.398,0.653,221.586,2.272,84,0.077,1
app_202,63.317,44.704,0.922,137.705,4.921,72,0.319,0
app_203,101.422,46.598,0.756,229.629,2.282,88,0.441,0
app_204,131.731,41.17,0.217,162.944,1.547,69,0.844,1
app_205,116.75,17.093,0.395,145.777,2.525,86,0.614,0
app_206,122.424,36.649,0.181,94.485,4.351,90,0.468,0
app_207,130.678,63.812,0.766,118.13,4.354,70,0.609,0
app_208,106.774,13.013,0.98,218.678,0.435,64,0.697,1
app_209,128.166,27.097,0.473,71.139,2.063,81,0.984,0
app_210,162.596,51.785,0.792,118.405,2.843,96,0.594,0
app_211,72.585,41.63,0.303,180.627,2.427,62,0.178,1
app_212,79.096,19.572,0.081,165.273,0.297,64,0.979,1
app_213,54.99,49.32,0.492,109.784,3.4,77,0.714,0
app_214,100.546,59.834,0.228,146.333,0.855,83,0.161,1
app_215,167.095,27.743,0.907,226.349,3.93,79,0.868,0
app_216,77.518,27.39,0.522,112.095,1.907,77,0.642,0
app_217,123.691,27.928,0.867,127.879,4.697,64,0.585,1
app_218,113.386,33.026,0.917,116.944,4.094,86,0.995,0
app_219,180.964,43.407,0.03,122.515,1.292,62,0.206,1
app_220,134.7,58.937,0.103,107.538,4.329,72,0.158,1
app_221,101.624,39.726,0.991,166.623,1.626,76,0.567,0
app_222,103.436,46.444,0.77,122.073,2.056,76,0.115,1
app_223,134.889,36.08,0.609,64.485,0.504,98,0.154,1
app_224,114.771,48.434,0.648,96.293,2.812,64,0.703,1
app_225,110.927,37.126,0.197,181.069,1.169,78,0.367,0
app_226,114.252,45.541,0.4,49.543,3.102,98,0.859,0
app_227,163.24,47.591,0.422,157.043,1.397,81,0.306,0
app_228,139.749,40.705,0.469,142.54,0.533,82,0.641,0
app_229,82.344,32.615,0.069,89.068,4.974,87,0.46,0
app_230,139.863,66.888,0.444,73.372,3.792,88,0.77,0
app_231,124.975,35.648,0.323,207.361,1.225,62,0.75,1
app_232,118.082,56.526,0.465,112.691,4.447,63,0.353,1
app_233,78.612,48.837,0.358,183.229,0.864,79,0.196,1
app_234,136.506,67.441,0.29,92.596,3.249,70,0.26,0
app_235,90.706,40.747,0.074,171.757,0.195,68,0.34,1
app_236,168.418,64.781,0.192,203.46,1.473,99,0.406,0
app_237,110.204,43.303,0.846,181.588,1.865,85,0.734,0
app_238,126.518,35.89,0.301,146.466,2.071,92,0.846,0
app_239,149.436,27.73,0.974,49.187,0.448,95,0.633,0
app_240,140.123,42.203,0.924,137.397,3.82,86,0.778,0
app_241,143.819,20.171,0.947,154.7,3.217,74,0.906,0
app_242,101.962,39.902,0.285,205.724,2.641,74,0.123,1
app_243,154.929,24.189,0.982,162.064,3.892,76,0.508,0
app_244,113.103,37.829,0.43,192.761,1.171,87,0.456,0
app_245,128.586,22.848,0.866,133.52,0.165,68,0.137,1
app_246,171.903,39.093,0.577,142.602,3.307,99,0.412,0
app_247,68.425,15.871,0.392,148.215,2.847,86,0.798,0
app_248,96.903,49.388,0.855,162.037,4.492,66,0.655,1
app_249,148.36,45.618,0.546,147.12,0.654,90,0.714,0
app_250,138.545,11.147,0.153,116.462,4.2,99,0.136,1
app_251,125.608,15.691,0.225,151.209,2.877,96,0.892,0
app_252,151.783,21.008,0.105,80.561,2.343,76,0.976,0
app_253,183.245,12.726,0.742,129.74,0.484,73,0.591,0
app_254,105.473,34.498,0.174,146.655,2.639,99,0.174,1
app_255,105.351,43.41,0.598,134.277,4.338,72,0.085,1
app_256,48.76,35.291,0.995,106.906,0.154,77,0.395,1
app_257,109.911,33.419,0.616,193.381,4.032,77,0.08,1
app_258,109.345,35.903,0.63,86.768,0.022,78,0.689,0
app_259,154.746,50.095,0.026,220.318,0.393,86,0.526,0
app_260,136.089,33.911,0.869,178.382,0.369,67,0.735,1
app_261,137.848,21.732,0.299,125.163,0.853,84,0.929,0
app_262,66.966,49.04,0.05,188.043,2.22,65,0.156,1
app_263,166.97,31.47,0.546,184.075,2.216,61,0.7,1
app_264,121.66,38.935,0.267,185.981,2.735,74,0.288,0
app_265,156.403,48.161,0.62,150.065,0.9,64,0.887,1
app_266,116.56,37.539,0.221,161.626,0.751,81,0.36,0
app_267,114.125,53.173,0.3,176.948,2.481,99,0.879,0
app_268,129.106,24.263,0.162,150.586,1.025,62,0.862,1
app_269,101.497,46.345,0.65,202.977,2.262,79,0.281,0
app_270,155.546,50.853,0.232,164.255,1.702,72,0.129,1
app_271,99.84,54.333,0.74,215.05,4.23,97,0.212,0
app_272,117.095,31.407,0.05,156.364,1.772,79,0.821,0
app_273,128.727,25.01,0.644,220.564,2.856,91,0.396,0
app_274,67.492,24.546,0.713,78.683,2.994,90,0.501,0
app_275,156.273,34.784,0.962,171.181,4.473,86,0.709,0
app_276,142.436,27.902,0.896,196.004,1.252,62,0.332,1
app_277,48.465,44.378,0.189,150.164,1.819,95,0.78,1
app_278,134.83,14.984,0.767,170.617,1.128,96,0.915,0
app_279,199.709,27.525,0.866,208.124,1.119,62,0.772,1
app_280,124.921,45.907,0.34,179.442,1.849,79,0.211,0
app_281,113.717,32.595,0.265,196.478,2.806,93,0.055,1
app_282,118.987,51.333,0.958,159.003,2.703,85,0.553,0
app_283,116.56,38.878,0.345,155.835,2.747,91,0.983,0
app_284,135.994,30.961,0.195,203.124,1.431,73,0.667,0
app_285,96.658,39.091,0.51,122.947,0.003,63,0.057,1
app_286,54.089,44.862,0.426,133.383,1.544,64,0.77,1
app_287,158.684,31.08,0.021,74.217,4.99,99,0.311,0
app_288,89.876,46.808,0.976,154.079,3.57,78,0.443,0
app_289,109.926,33.997,0.593,76.32,1.446,75,0.126,1
app_290,173.227,40.542,0.005,199.369,4.351,81,0.76,0
app_291,125.466,42.657,0.458,176.802,2.012,88,0.158,1
app_292,71.516,30.467,0.346,126.348,0.869,93,0.553,0
app_293,103.198,50.218,0.784,186.925,3.638,92,0.276,0
app_294,75.735,20.138,0.195,170.877,0.713,79,0.62,0
app_295,149.432,26.167,0.008,115.63,3.852,86,0.276,0
app_296,110.933,47.88,0.599,178.266,2.171,71,0.618,0
app_297,57.91,39.798,0.484,248.171,1.215,61,0.459,1
app_298,92.262,36.697,0.716,272.149,3.875,91,0.397,0
app_299,167.907,30.656,0.97,104.056,3.542,89,0.585,0
app_300,116.082,46.504,0.112,168.655,4.015,96,0.291,0
app_301,114.928,47.907,0.845,85.513,0.464,71,0.835,0
app_302,113.415,58.743,0.994,98.648,1.028,91,0.946,0
app_303,92.047,23.619,0.777,179.915,0.938,89,0.21,0
app_304,119.132,62.745,0.802,20,0.772,86,0.499,0
app_305,80.348,63.923,0.089,120.296,0.362,73,0.888,0
app_306,134.421,62.348,0.791,153.927,3.514,94,0.79,0
app_307,101.797,63.32,0.57,21.606,0.174,77,0.541,0
app_308,71.497,31.26,0.095,137.599,2.975,93,0.825,0
app_309,123.719,60.71,0.252,87.681,0.183,65,0.47,1
app_310,116.784,32.988,0.452,113.647,0.619,79,0.101,1
app_311,135.315,42.845,0.818,142.23,1.641,86,0.048,1
app_312,187.755,21.32,0.1,169.13,2.702,76,0.212,0
app_313,114.024,32.234,0.988,197.517,4.156,91,0.814,0
app_314,137.34,40.214,0.478,80.788,0.378,63,0.757,1
app_315,123.829,52.951,0.561,46.679,2.821,87,0.048,1
app_316,102.685,41.09,0.462,95.283,2.234,94,0.47,0
app_317,107.532,62.407,0.896,139.592,4.638,65,0.399,1
app_318,91.149,32.405,0.966,184.051,2.981,70,0.982,0
app_319,102.163,30.026,0.849,132.692,4.545,89,0.571,0
app_320,127.846,9.839,0.572,233.862,1.212,99,0.263,0
app_321,159.051,33.669,0.848,133.389,1.162,91,0.092,1
app_322,73.244,60.913,0.248,169.683,3.853,68,0.171,1
app_323,57.055,39.522,0.304,158.507,1.122,78,0.502,0
app_324,117.825,56.207,0.681,154.626,0.333,78,0.311,0
app_325,132.319,17.141,0.158,54.202,2.181,95,0.501,0
app_326,105.417,46.911,0.804,212.871,4.786,73,0.954,0
app_327,105.362,48.126,0.197,111.019,4.642,92,0.189,1
app_328,168.196,41.146,0.023,142.943,2.957,74,0.989,0
app_329,68.283,19.794,0.237,172.451,4.421,85,0.751,0
app_330,80.844,22.685,0.881,108.834,2.776,98,0.903,0
app_331,148.527,30.701,0.782,175.479,0.107,95,0.158,1
app_332,133.083,29.542,0.761,182.195,3.327,81,0.116,1
app_333,146.529,43.2,0.786,128.503,2.477,64,0.149,1
app_334,108.924,16.574,0.882,217.793,1.08,93,0.541,0
app_335,103.806,52.821,0.834,170.061,1.529,85,0.364,0
app_336,120.032,24.519,0.063,87.376,3.184,93,0.109,1
app_337,102.161,40.122,0.43,128.512,1.404,80,0.199,1
app_338,143.317,59.738,0.589,66.147,2.0,90,0.05,1
app_339,103.035,31.179,0.835,158.632,1.717,99,0.057,1
app_340,135.133,47.708,0.248,129.118,4.428,61,0.567,1
app_341,121.425,42.096,0.181,79.643,2.179,95,0.77,0
app_342,138.817,24.4,0.634,65.556,0.662,76,0.186,1
app_343,104.819,24.362,0.621,165.05,0.119,65,0.702,1
app_344,69.0,60.118,0.456,106.714,1.33,92,0.906,0
app_345,123.793,44.512,0.095,105.937,2.926,82,0.671,0
app_346,166.94,34.605,0.005,189.317,1.863,83,0.869,0
app_347,133.658,44.335,0.373,82.945,1.583,78,0.106,1
app_348,122.88,53.837,0.358,75.572,1.695,95,0.039,1
app_349,146.65,25.939,0.038,153.607,2.191,84,0.523,0
app_350,107.263,8.328,0.063,55.616,4.329,67,0.969,1
app_351,105.145,64.757,0.538,150.3,1.317,82,0.799,0
app_352,156.079,51.801,0.194,120.905,0.66,87,0.303,0
app_353,142.8,34.934,0.942,122.733,1.839,93,0.452,0
app_354,145.478,27.381,0.501,109.576,0.637,83,0.455,0
app_355,121.11,12.26,0.758,152.901,4.489,61,0.434,1
app_356,133.284,57.197,0.144,123.189,2.639,97,0.833,0
app_357,148.343,36.574,0.6,181.582,4.033,63,0.065,1
app_358,111.32,39.783,0.888,247.811,0.904,72,0.601,0
app_359,152.273,51.608,0.144,165.279,2.918,77,0.721,0
app_360,143.225,44.838,0.53,175.476,1.023,67,0.08,1
app_361,110.729,25.072,0.223,127.24,2.879,92,0.073,1
app_362,171.765,55.24,0.941,146.718,4.34,69,0.103,1
app_363,117.129,46.182,0.629,97.506,3.47,84,0.181,1
app_364,171.23,54.891,0.577,89.124,3.363,89,0.202,0
app_365,86.008,63.212,0.175,130.167,1.617,85,0.033,1
app_366,136.689,57.551,0.425,91.5,3.591,64,0.779,1
app_367,89.746,69.077,0.245,145.248,2.802,79,0.357,0
app_368,89.63,46.56,0.953,114.647,4.18,77,0.271,0
app_369,98.219,25.535,0.565,93.975,2.175,87,0.744,0
app_370,113.293,22.214,0.728,173.568,2.955,82,0.791,0
app_371,122.99,32.471,0.589,100.194,2.088,78,0.74,0
app_372,99.131,57.065,0.106,206.821,3.151,60,0.508,1
app_373,165.737,27.92,0.935,193.736,3.979,76,0.182,1
app_374,123.481,47.596,0.556,94.281,1.331,99,0.383,0
app_375,156.74,39.787,0.197,77.013,3.225,82,0.909,0
app_376,118.347,34.193,0.873,146.73,1.675,85,0.195,1
app_377,79.012,36.514,0.177,117.019,4.749,89,0.737,0
app_378,162.585,50.685,0.186,184.449,4.478,63,0.73,1
app_379,110.709,42.771,0.845,117.992,0.238,95,0.815,0
app_380,111.321,46.893,0.134,73.371,2.168,98,0.184,1
app_381,131.812,42.159,0.032,209.845,0.113,87,0.915,0
app_382,108.503,22.858,0.672,126.837,1.692,86,0.53,0
app_383,83.378,64.383,0.767,90.047,1.339,91,0.248,0
app_384,60.797,51.985,0.069,182.305,4.682,93,0.422,0
app_385,127.441,29.482,0.145,155.851,0.806,87,0.981,0
app_386,123.82,37.917,0.815,117.649,4.599,65,0.544,1
app_387,82.308,48.194,0.51,108.361,0.484,63,0.808,1
app_388,147.127,40.559,0.665,81.167,2.569,89,0.625,0
app_389,73.93,60.136,0.365,60.165,2.098,97,0.406,0
app_390,201.205,48.509,0.765,180.662,3.194,84,0.351,0
app_391,108.976,32.747,0.937,258.491,2.059,69,0.454,1
app_392,141.228,58.478,0.725,148.932,4.253,77,0.386,0
app_393,142.103,50.394,0.017,163.019,3.629,82,0.54,0
app_394,125.771,38.718,0.545,166.658,2.097,67,0.377,1
app_395,87.095,33.218,0.39,103.031,3.051,89,0.911,0
app_396,81.994,45.246,0.83,192.685,4.677,82,0.66,0
app_397,129.95,46.816,0.105,205.412,1.493,79,0.926,0
app_398,88.819,28.068,0.408,220.183,2.177,90,0.442,0
app_399,107.186,44.254,0.051,108.605,4.309,78,0.611,0
app_400,80.375,41.909,0.53,167.43,0.413,79,0.291,0
app_401,115.174,66.728,0.94,137.832,0.69,73,0.786,0
app_402,129.328,47.465,0.142,206.207,3.232,69,0.987,1
app_403,106.97,52.992,0.056,200.056,3.997,94,0.66,0
app_404,135.965,43.65,0.336,109.14,2.741,94,0.653,0
app_405,103.404,59.812,0.87,117.256,4.633,96,0.87,0
app_406,100.869,57.921,0.541,104.348,0.904,67,0.3,1
app_407,95.31,56.668,0.548,172.271,1.01,78,0.777,0
app_408,166.285,44.594,0.497,175.856,1.258,99,0.498,0
app_409,156.765,55.706,0.759,172.851,4.987,89,0.372,0
app_410,121.775,42.223,0.689,122.646,1.81,63,0.096,1
app_411,157.352,42.952,0.895,179.712,0.099,87,0.783,0
app_412,90.249,29.03,0.853,97.147,2.032,63,0.719,1
app_413,151.312,29.39,0.606,120.536,0.077,90,0.823,0
app_414,113.583,35.09,0.003,98.437,4.092,78,0.855,0
app_415,95.34,48.247,0.04,134.259,0.044,60,0.461,1
app_416,78.823,53.397,0.174,163.102,0.048,96,0.079,1
app_417,100.107,53.182,0.152,91.439,2.399,96,0.899,0
app_418,68.543,32.149,0.838,175.608,0.127,73,0.669,0
app_419,108.2,34.23,0.213,141.989,0.659,65,0.939,1
app_420,138.227,42.97,0.902,179.969,0.021,91,0.843,0
app_421,114.662,55.459,0.859,196.622,4.855,80,0.921,0
app_422,143.005,29.885,0.797,260.536,1.038,73,0.864,0
app_423,112.557,25.215,0.358,84.368,3.995,80,0.81,0
app_424,64.79,43.983,0.949,20,1.033,91,0.225,0
app_425,153.453,44.44,0.013,234.17,3.04,94,0.681,0
app_426,133.459,46.058,0.304,114.644,0.513,81,0.943,0
app_427,182.356,66.817,0.728,98.356,4.017,85,0.437,0
app_428,162.781,34.317,0.679,149.935,4.374,88,0.817,0
app_429,159.629,50.048,0.287,78.792,4.101,78,0.056,1
app_430,103.149,45.44,0.748,184.351,2.819,70,0.277,0
app_431,78.601,41.948,0.428,86.596,0.421,88,0.527,0
app_432,108.913,5,0.589,175.08,0.899,93,0.072,1
app_433,168.942,46.692,0.99,128.722,1.97,83,0.061,1
app_434,123.811,13.783,0.586,132.393,3.487,86,0.207,0
app_435,135.011,31.713,0.72,205.174,0.953,96,0.118,1
app_436,118.079,43.827,0.376,143.012,2.499,78,0.988,0
app_437,134.469,61.637,0.436,153.79,0.861,75,0.722,0
app_438,117.495,29.599,0.584,167.262,2.9,74,0.424,0
app_439,130.732,37.879,0.774,129.485,3.167,62,0.289,1
app_440,191.157,62.982,0.554,119.001,2.785,71,0.077,1
app_441,115.646,47.228,0.868,197.663,3.831,76,0.289,0
app_442,165.717,21.649,0.321,122.071,4.853,87,0.579,0
app_443,115.71,57.716,0.271,125.51,1.333,97,0.735,0
app_444,165.863,35.67,0.784,189.736,0.659,95,0.289,0
app_445,91.152,36.324,0.163,172.297,0.457,78,0.948,0
app_446,154.94,23.115,0.784,105.724,2.661,67,0.244,1
app_447,122.088,13.549,0.494,124.12,2.558,67,0.426,1
app_448,66.361,28.284,0.899,190.283,2.652,81,0.962,0
app_449,65.031,47.199,0.17,138.817,4.659,82,0.976,0
app_450,135.85,57.022,0.216,106.683,2.439,68,0.092,1
app_451,111.339,26.91,0.307,129.213,1.254,95,0.263,0
app_452,99.58,25.704,0.684,79.919,0.704,68,0.185,1
app_453,92.936,5.105,0.071,144.111,2.743,67,0.854,1
app_454,145.872,21.181,0.632,167.749,2.083,93,0.009,1
app_455,139.768,43.327,0.626,214.678,0.283,69,0.825,1
app_456,95.83,69.684,0.762,143.921,4.058,89,0.068,1
app_457,130.817,12.025,0.257,113.634,0.705,88,0.804,0
app_458,106.488,58.61,0.863,106.1,4.599,75,0.311,0
app_459,84.34,52.581,0.586,135.406,2.244,91,0.101,1
app_460,97.616,25.223,0.56,270.7,3.869,70,0.033,1
app_461,108.964,19.821,0.649,192.008,4.022,73,0.322,0
app_462,114.682,38.623,0.343,126.2,4.309,99,0.519,0
app_463,112.889,15.013,0.952,164.298,4.623,68,0.956,1
app_464,89.078,35.408,0.856,150.112,2.671,68,0.915,1
app_465,140.781,23.291,0.069,86.479,4.119,61,0.929,1
app_466,77.465,34.767,0.125,183.481,4.674,82,0.547,0
app_467,161.807,38.909,0.004,173.825,0.618,61,0.872,1
app_468,124.395,43.316,0.533,172.282,1.229,79,0.685,0
app_469,174.55,72.994,0.28,39.688,3.166,86,0.856,0
app_470,89.34,25.87,0.277,146.487,3.522,66,0.175,1
app_471,140.125,40.628,0.621,101.016,3.151,76,0.929,0
app_472,133.226,40.868,0.248,64.594,3.803,73,0.57,0
app_473,130.724,32.546,0.037,134.758,2.282,87,0.726,0
app_474,116.065,27.397,0.151,189.692,4.653,84,0.389,0
app_475,123.968,27.104,0.812,108.826,3.425,75,0.446,0
app_476,145.678,45.705,0.496,90.399,4.807,89,0.349,0
app_477,129.266,33.895,0.978,27.143,2.738,72,0.901,0
app_478,110.501,36.797,0.262,96.691,3.498,66,0.697,1
app_479,96.287,23.246,0.295,136.831,3.962,81,0.445,0
app_480,130.987,34.998,0.428,204.942,2.382,94,0.311,0
app_481,133.437,28.175,0.578,183.014,2.101,81,0.687,0
app_482,109.489,50.012,0.294,145.63,4.746,91,0.492,0
app_483,118.467,35.828,0.268,173.11,1.723,75,0.786,0
app_484,154.627,39.144,0.246,157.292,0.434,83,0.409,0
app_485,115.045,41.377,0.478,84.051,2.789,80,0.935,0
app_486,154.373,41.247,0.618,115.661,3.195,82,0.098,1
app_487,130.144,52.966,0.204,134.323,2.399,75,0.333,0
app_488,125.859,41.26,0.031,163.954,2.648,62,0.737,1
app_489,100.857,56.072,0.077,174.194,4.618,77,0.497,0
app_490,96.612,38.974,0.354,184.596,0.584,83,0.701,0
app_491,58.616,39.606,0.251,208.02,1.214,85,0.525,0
app_492,79.473,10.578,0.885,107.854,3.969,77,0.543,0
app_493,143.485,25.535,0.157,200.575,1.691,99,0.67,0
app_494,168.279,40.802,0.192,211.393,4.724,81,0.682,0
app_495,159.087,32.873,0.068,191.13,3.072,60,0.333,1
app_496,144.62,24.915,0.955,264.288,4.129,70,0.942,0
app_497,185.591,13.747,0.688,161.183,0.3,66,0.416,1
app_498,128.625,22.094,0.275,163.223,0.607,63,0.439,1
app_499,104.359,44.895,0.589,76.424,3.467,68,0.939,1
app_500,124.742,44.924,0.567,114.824,4.808,98,0.561,0
app_501,130.412,31.298,0.327,96.767,0.921,97,0.438,0
app_502,75.897,47.145,0.062,121.637,0.408,66,0.887,1
app_503,130.272,35.434,0.951,156.063,4.398,60,0.154,1
app_504,113.542,62.397,0.306,215.687,3.923,74,0.921,0
app_505,135.661,23.048,0.155,171.135,4.054,99,0.76,0
app_506,166.515,5.507,0.847,44.635,2.67,76,0.351,0
app_507,134.966,37.678,0.833,20,2.853,68,0.275,1
app_508,133.498,35.931,0.674,205.45,1.442,66,0.897,1
app_509,113.055,62.369,0.877,209.001,4.898,83,0.343,0
app_510,136.89,49.228,0.329,90.269,2.151,85,0.179,1
app_511,171.686,52.995,0.242,163.489,0.439,76,0.647,0
app_512,158.356,33.341,0.186,50.736,2.077,99,0.523,0
app_513,136.078,51.986,0.429,167.806,0.979,76,0.004,1
app_514,82.857,49.114,0.433,191.179,4.835,63,0.46,1
app_515,140.426,41.602,0.944,188.311,1.663,91,0.036,1
app_516,128.67,38.361,0.77,171.324,3.554,97,0.456,0
app_517,97.027,47.481,0.843,199.14,1.789,68,0.374,1
app_518,115.25,38.137,0.902,119.463,0.527,82,0.07,1
app_519,95.701,42.567,0.799,157.505,4.483,88,0.908,0
app_520,122.326,61.858,0.851,179.069,3.695,83,0.527,0
app_521,129.982,44.388,0.673,115.016,1.003,62,0.124,1
app_522,106.633,25.457,0.432,183.927,2.914,84,0.106,1
app_523,111.556,57.574,0.529,273.768,0.786,91,0.965,0
app_524,104.623,47.889,0.676,131.435,2.142,70,0.378,0
app_525,137.122,10.213,0.124,230.163,1.416,74,0.84,0
app_526,126.067,20.001,0.246,135.526,4.67,64,0.888,1
app_527,55.33,56.643,0.393,87.79,1.751,80,0.836,0
app_528,172.654,40.07,0.987,149.458,3.635,80,0.563,0
app_529,88.76,19.105,0.028,111.496,3.815,82,0.59,0
app_530,130.325,11.018,0.517,183.786,1.639,88,0.762,0
app_531,142.026,33.896,0.904,98.657,1.559,60,0.658,1
app_532,159.016,68.508,0.928,85.103,2.443,88,0.051,1
app_533,124.803,22.758,0.984,150.039,0.544,97,0.002,1
app_534,165.351,38.966,0.025,240.029,0.353,99,0.774,0
app_535,118.602,24.77,0.153,20,4.365,68,0.981,1
app_536,96.354,44.045,0.538,138.129,1.988,76,0.746,0
app_537,93.445,21.392,0.37,201.971,0.186,70,0.741,0
app_538,70.889,22.083,0.602,142.273,1.26,71,0.401,0
app_539,157.575,28.278,0.779,124.596,3.835,74,0.094,1
app_540,60.131,18.8,0.323,110.46,3.097,60,0.173,1
app_541,119.14,36.94,0.959,113.562,2.752,92,0.629,0
app_542,123.314,16.257,0.426,258.21,2.74,60,0.346,1
app_543,119.937,37.475,0.357,175.067,2.137,68,0.673,1
app_544,115.171,48.029,0.96,86.517,4.868,71,0.615,0
app_545,161.692,29.23,0.057,79.569,3.5,75,0.029,1
app_546,127.581,19.578,0.217,332.016,1.65,66,0.279,1
app_547,136.347,48.235,0.777,110.823,2.735,94,0.999,0
app_548,134.136,28.208,0.578,130.426,0.164,91,0.378,0
app_549,152.404,22.545,0.658,80.281,3.62,93,0.033,1
app_550,100.013,38.666,0.678,86.149,2.315,93,0.671,0
app_551,120.468,27.556,0.619,132.642,4.487,89,0.102,1
app_552,129.868,38.682,0.211,183.277,3.281,65,0.01,1
app_553,119.573,49.48,0.887,156.288,4.703,83,0.81,0
app_554,55.768,54.847,0.17,149.129,4.038,95,0.542,0
app_555,174.868,29.59,0.197,168.792,2.849,62,0.073,1
app_556,124.843,46.148,0.999,199.576,0.891,74,0.157,1
app_557,149.629,32.687,0.376,155.655,3.387,96,0.938,0
app_558,143.303,35.522,0.917,84.006,1.264,89,0.596,0
app_559,117.21,19.898,0.086,100.257,2.384,91,0.677,0
app_560,84.515,42.146,0.413,104.78,2.055,72,0.492,0
app_561,92.855,63.077,0.991,192.124,1.276,89,0.061,1
app_562,107.265,23.018,0.776,127.673,2.595,83,0.776,0
app_563,138.362,42.6,0.594,118.962,3.736,82,0.508,0
app_564,131.726,43.956,0.414,174.219,2.154,93,0.843,0
app_565,137.868,42.468,0.285,183.441,4.039,96,0.028,1
app_566,161.937,20.975,0.043,207.059,2.157,63,0.964,1
app_567,153.699,33.74,0.031,172.961,0.112,94,0.229,0
app_568,124.264,37.106,0.05,152.199,4.288,84,0.342,0
app_569,150.528,19.137,0.278,132.699,3.767,86,0.702,0
app_570,106.753,53.999,0.352,84.196,3.396,99,0.29,0
app_571,110.239,39.135,0.933,91.828,0.397,94,0.449,0
app_572,116.029,45.975,0.968,188.41,1.39,86,0.289,0
app_573,87.61,26.308,0.946,91.486,2.884,94,0.49,0
app_574,104.998,44.53,0.079,96.206,0.694,67,0.957,1
app_575,118.703,56.804,0.717,211.476,0.397,85,0.013,1
app_576,141.545,31.775,0.483,149.356,1.331,85,0.818,0
app_577,142.945,45.245,0.813,179.318,4.094,80,0.153,1
app_578,101.67,38.349,0.1,158.008,1.07,90,0.456,0
app_579,129.967,44.269,0.318,222.459,2.084,60,0.714,1
app_580,83.993,34.063,0.473,123.866,0.104,88,0.766,0
app_581,122.699,5,0.809,25.938,0.952,80,0.63,0
app_582,72.996,69.32,0.879,155.564,3.685,73,0.284,0
app_583,128.114,29.026,0.113,111.826,1.059,86,0.766,0
app_584,135.327,16.52,0.921,51.969,2.952,62,0.856,1
app_585,115.006,37.813,0.386,107.556,4.284,82,0.655,0
app_586,137.255,37.116,0.398,97.002,3.175,95,0.128,1
app_587,40.23,46.322,0.399,109.092,3.765,69,0.127,1
app_588,108.127,43.402,0.18,165.42,2.129,84,0.857,0
app_589,128.126,46.569,0.22,119.304,1.974,67,0.858,1
app_590,76.486,41.836,0.542,111.392,0.259,91,0.541,0
app_591,88.726,34.836,0.802,159.903,2.239,90,0.13,1
app_592,113.205,73.532,0.849,113.341,0.41,82,0.483,0
app_593,130.647,61.189,0.465,103.327,3.97,62,0.174,1
app_594,90.195,10.508,0.206,52.197,2.265,63,0.933,1
app_595,166.335,59.45,0.779,205.355,2.563,83,0.78,0
app_596,106.763,49.397,0.411,192.767,0.768,87,0.309,0
app_597,131.234,42.276,0.593,152.982,4.093,85,0.093,1
app_598,104.595,25.361,0.762,179.789,3.75,72,0.259,0
app_599,110.577,34.854,0.537,94.663,1.058,72,0.13,1
app_600,120.221,37.233,0.025,70.379,1.106,82,0.476,0
app_601,59.903,32.462,0.583,109.182,2.755,99,0.829,0
app_602,148.235,33.049,0.666,185.278,1.234,96,0.568,0
app_603,88.404,53.696,0.857,170.459,1.288,60,0.714,1
app_604,104.459,14.261,0.795,190.499,2.573,85,0.773,0
app_605,108.856,29.093,0.893,136.394,2.415,95,0.97,0
app_606,147.335,39.546,0.65,111.513,3.588,77,0.72,0
app_607,134.579,51.33,0.535,75.837,3.224,63,0.476,1
app_608,130.279,25.19,0.405,138.64,0.713,72,0.028,1
app_609,110.215,24.526,0.519,147.431,3.112,88,0.935,0
app_610,146.911,62.407,0.752,113.514,1.937,96,0.589,0
app_611,84.266,63.181,0.928,102.941,4.428,85,0.872,0
app_612,156.067,34.77,0.89,144.176,3.621,60,0.281,1
app_613,130.73,55.806,0.365,142.531,1.294,75,0.986,0
app_614,153.731,84.827,0.236,137.871,3.041,95,0.401,0
app_615,82.292,49.996,0.149,146.315,4.282,70,0.235,0
app_616,124.722,24.605,0.799,113.035,1.855,73,0.606,0
app_617,129.633,68.348,0.309,141.72,2.556,81,0.001,1
app_618,95.538,34.227,0.59,230.797,1.552,87,0.356,0
app_619,109.068,22.496,0.227,59.102,3.517,92,0.239,0
app_620,157.935,23.843,0.722,205.059,4.89,96,0.29,0
app_621,143.664,60.697,0.982,118.386,3.29,77,0.792,0
app_622,164.503,35.945,0.971,128.144,4.057,92,0.824,0
app_623,135.38,42.565,0.638,182.487,4.207,87,0.025,1
app_624,125.35,72.928,0.941,141.011,3.924,71,0.971,0
app_625,123.318,22.312,0.428,85.286,0.941,90,0.303,0
app_626,142.526,44.123,0.14,168.075,4.04,76,0.135,1
app_627,135.402,31.579,0.161,188.674,3.316,75,0.253,0
app_628,134.412,45.556,0.322,145.926,1.374,92,0.212,0
app_629,201.842,36.623,0.175,177.639,3.117,61,0.663,1
app_630,110.438,72.114,0.327,227.985,4.79,82,0.854,0
app_631,103.124,62.438,0.613,152.625,0.822,84,0.278,0
app_632,135.974,43.641,0.129,188.837,2.793,79,0.912,0
app_633,129.186,24.059,0.654,151.988,4.375,71,0.482,0
app_634,175.683,25.946,0.856,78.372,1.994,77,0.167,1
app_635,156.437,32.639,0.116,143.938,1.144,89,0.254,0
app_636,147.642,37.505,0.763,109.25,0.033,68,0.597,1
app_637,142.107,26.991,0.724,127.37,0.556,62,0.205,1
app_638,134.171,18.1,0.978,70.78,0.764,73,0.415,0
app_639,118.633,34.166,0.535,186.08,0.974,88,0.276,0
app_640,130.987,41.44,0.519,149.501,2.617,72,0.858,0
app_641,121.311,34.479,0.956,141.002,2.924,74,0.491,0
app_642,99.41,53.986,0.64,142.558,4.262,80,0.076,1
app_643,135.858,51.078,0.729,232.901,4.915,85,0.956,0
app_644,102.66,28.795,0.165,121.773,0.24,69,0.867,1
app_645,121.883,36.39,0.549,239.75,3.488,89,0.784,0
app_646,148.692,43.528,0.759,161.319,3.879,72,0.141,1
app_647,102.197,46.614,0.551,117.194,4.293,89,0.231,0
app_648,91.6,27.451,0.168,159.957,4.619,73,0.531,0
app_649,152.986,8.989,0.998,168.378,2.826,83,0.93,0
app_650,172.605,18.619,0.103,115.833,3.801,69,0.968,1
app_651,114.599,30.169,0.267,167.148,2.536,70,0.585,0
app_652,103.278,27.698,0.44,200.729,1.082,86,0.545,0
app_653,162.046,45.308,0.063,158.042,3.634,69,0.398,1
app_654,145.334,31.562,0.655,170.29,1.095,62,0.263,1
app_655,96.512,11.204,0.726,166.375,4.84,67,0.08,1
app_656,98.66,34.262,0.761,57.968,3.141,72,0.746,0
app_657,148.698,45.108,0.196,175.785,4.871,66,0.664,1
app_658,125.583,52.803,0.35,94.453,2.175,88,0.133,1
app_659,119.513,33.987,0.444,150.123,0.245,67,0.177,1
app_660,184.232,64.623,0.937,146.041,1.925,87,0.956,0
app_661,154.257,36.17,0.669,144.396,0.262,82,0.657,0
app_662,157.555,56.234,0.754,126.121,1.199,92,0.204,0
app_663,97.838,53.146,0.921,210.482,3.144,74,0.555,0
app_664,155.554,30.005,0.667,120.056,2.503,91,0.276,0
app_665,211.67,65.11,0.268,181.886,2.557,86,0.734,0
app_666,161.683,22.852,0.017,141.138,2.905,73,0.827,0
app_667,140.68,47.098,0.167,157.49,3.674,95,0.422,0
app_668,133.409,9.249,0.599,159.106,2.23,96,0.437,0
app_669,121.095,53.486,0.674,173.431,3.784,99,0.21,0
app_670,85.087,70.673,0.635,220.966,0.069,91,0.171,1
app_671,130.661,28.573,0.787,114.827,3.305,64,0.586,1
app_672,70.518,57.488,0.601,210.422,2.965,83,0.013,1
app_673,99.792,47.643,0.52,181.539,4.628,86,0.217,0
app_674,64.569,42.558,0.766,98.704,1.391,82,0.22,0
app_675,116.867,55.372,0.55,280.203,3.667,90,0.14,1
app_676,109.423,50.803,0.267,216.842,0.61,90,0.372,0
app_677,150.383,43.92,0.916,254.887,0.523,86,0.85,0
app_678,171.904,41.193,0.538,172.757,4.36,95,0.882,0
app_679,101.583,46.544,0.978,161.007,2.958,86,0.442,0
app_680,111.54,54.929,0.554,89.499,3.567,93,0.256,0
app_681,85.56,42.367,0.011,193.97,3.747,69,0.043,1
app_682,119.544,59.598,0.883,143.061,4.773,97,0.894,0
app_683,137.508,52.451,0.245,155.198,1.436,79,0.041,1
app_684,191.858,26.937,0.131,153.248,2.098,81,0.919,0
app_685,74.738,70.353,0.089,167.235,0.954,87,0.633,0
app_686,176.295,30.285,0.781,244.604,0.844,82,0.685,0
app_687,180.686,60.686,0.639,111.56,2.839,78,0.56,0
app_688,71.944,56.272,0.672,145.043,2.705,60,0.911,1
app_689,119.982,53.65,0.418,119.296,3.813,60,0.041,1
app_690,172.584,49.743,0.413,164.739,0.266,80,0.753,0
app_691,102.383,17.22,0.331,204.534,3.492,93,0.479,0
app_692,98.763,32.807,0.459,226.332,4.632,96,0.044,1
app_693,122.822,31.115,0.459,119.325,2.079,71,0.759,0
app_694,116.379,52.637,0.236,212.796,0.104,81,0.632,0
app_695,78.987,25.223,0.928,60.73,4.949,95,0.199,1
app_696,149.365,5,0.91,206.409,3.476,99,0.09,1
app_697,112.091,42.255,0.559,124.129,4.938,71,0.587,0
app_698,163.034,38.298,0.561,172.66,1.366,67,0.433,1
app_699,121.111,56.669,0.113,113.889,3.607,99,0.042,1
app_700,124.16,57.021,0.821,187.158,0.731,92,0.036,1
app_701,112.884,39.354,0.917,110.102,4.98,65,0.867,1
app_702,100.339,33.565,0.931,142.395,4.747,62,0.736,1
app_703,137.41,59.263,0.275,132.183,3.249,70,0.536,0
app_704,163.413,51.329,0.331,135.499,3.058,60,0.389,1
app_705,113.309,33.797,0.887,124.469,0.658,97,0.596,0
app_706,161.779,44.541,0.726,240.598,1.367,60,0.988,1
app_707,117.526,39.98,0.5,200.196,3.727,94,0.441,0
app_708,125.893,28.901,0.662,137.327,4.219,87,0.422,0
app_709,144.98,50.155,0.366,146.58,2.938,78,0.025,1
app_710,126.045,27.517,0.188,154.947,4.04,87,0.568,0
app_711,97.577,27.864,0.642,194.373,4.585,87,0.528,0
app_712,139.151,20.518,0.278,199.382,3.409,99,0.556,0
app_713,108.328,30.784,0.664,176.408,2.889,71,0.678,0
app_714,81.923,31.047,0.535,189.484,4.294,91,0.341,0
app_715,119.933,52.895,0.985,198.18,2.889,78,0.799,0
app_716,97.831,11.799,0.101,109.907,2.677,78,0.037,1
app_717,118.758,45.814,0.686,131.665,3.622,87,0.849,0
app_718,141.341,40.442,0.787,153.511,2.949,98,0.561,0
app_719,133.365,36.547,0.237,146.196,1.552,88,0.353,0
app_720,95.539,30.023,0.604,151.954,2.407,89,0.898,0
app_721,123.635,39.327,0.643,116.373,3.589,63,0.384,1
app_722,164.409,14.788,0.9,217.342,3.414,73,0.258,0
app_723,90.431,51.365,0.399,20,3.172,89,0.948,0
app_724,110.318,22.114,0.55,137.298,2.013,63,0.46,1
app_725,95.679,45.528,0.381,190.054,3.649,74,0.602,0
app_726,104.781,38.583,0.516,81.89,3.196,61,0.694,1
app_727,109.35,47.543,0.932,168.941,1.106,98,0.116,1
app_728,51.215,54.137,0.241,174.0,3.306,63,0.174,1
app_729,102.296,51.171,0.027,94.418,2.289,72,0.874,0
app_730,56.416,70.712,0.984,42.325,1.257,84,0.556,0
app_731,95.858,60.082,0.767,187.146,1.096,77,0.247,0
app_732,111.413,55.748,0.048,116.458,1.773,81,0.369,0
app_733,150.171,67.902,0.442,117.205,4.671,70,0.067,1
app_734,94.567,41.624,0.01,228.606,3.106,73,0.65,0
app_735,127.618,52.473,0.915,119.292,4.207,73,0.719,0
app_736,145.649,36.889,0.752,96.332,4.853,64,0.637,1
app_737,135.489,5,0.726,201.696,2.087,84,0.904,0
app_738,159.062,46.11,0.328,140.26,1.932,89,0.695,0
app_739,102.049,42.845,0.972,68.142,1.27,78,0.04,1
app_740,82.779,42.671,0.976,68.522,3.099,64,0.775,1
app_741,159.215,27.2,0.206,125.902,4.195,70,0.975,0
app_742,135.944,56.433,0.859,127.951,3.649,77,0.424,0
app_743,114.223,31.214,0.165,197.854,0.791,92,0.13,1
app_744,80.075,39.503,0.835,224.735,0.762,63,0.201,1
app_745,86.907,41.485,0.847,144.271,1.074,85,0.148,1
app_746,65.766,5.365,0.561,84.311,1.798,63,0.413,1
app_747,114.481,50.902,0.615,200.838,2.212,72,0.788,0
app_748,151.148,74.479,0.583,68.133,0.751,60,0.121,1
app_749,82.898,19.203,0.331,77.266,3.499,68,0.817,1
app_750,95.465,43.674,0.517,134.205,0.187,66,0.697,1
app_751,93.635,31.259,0.08,90.258,1.997,73,0.104,1
app_752,130.444,36.285,0.838,130.86,2.616,93,0.25,0
app_753,116.03,21.666,0.504,167.271,1.712,76,0.029,1
app_754,141.141,29.375,0.471,115.248,2.092,72,0.173,1
app_755,146.394,25.461,0.742,252.677,0.849,84,0.995,0
app_756,127.496,24.39,0.824,104.773,4.838,60,0.413,1
app_757,52.062,44.486,0.452,116.444,4.464,66,0.867,1
app_758,63.312,50.577,0.813,101.239,3.363,95,0.908,0
app_759,132.302,42.227,0.164,231.197,1.511,78,0.017,1
app_760,107.718,60.044,0.167,166.841,3.952,97,0.117,1
app_761,74.504,69.21,0.779,183.742,1.542,81,0.309,0
app_762,145.281,47.254,0.338,259.088,0.719,95,0.908,0
app_763,119.994,10.532,0.697,162.838,0.343,99,0.168,1
app_764,138.514,45.444,0.257,196.027,2.428,85,0.447,0
app_765,141.016,44.102,0.628,200.878,4.733,62,0.475,1
app_766,140.597,41.942,0.382,202.237,3.65,74,0.547,0
app_767,128.064,50.057,0.16,184.071,1.609,76,0.428,0
app_768,89.234,33.19,0.208,126.155,2.936,60,0.373,1
app_769,183.633,56.599,0.725,78.49,3.391,91,0.418,0
app_770,105.179,35.056,0.14,176.948,4.987,70,0.721,0
app_771,79.577,40.314,0.503,241.039,3.458,79,0.68,0
app_772,135.874,46.246,0.635,157.697,3.536,84,0.22,0
app_773,85.24,45.093,0.755,104.944,4.712,99,0.639,0
app_774,149.196,45.188,0.925,215.525,1.182,88,0.698,0
app_775,121.192,67.206,0.969,220.424,0.23,80,0.574,0
app_776,129.258,66.658,0.913,119.49,0.548,80,0.581,0
app_777,100.416,60.279,0.449,242.201,3.863,87,0.355,0
app_778,88.26,23.198,0.689,160.579,3.894,74,0.1,1
app_779,174.618,16.189,0.272,179.442,1.159,81,0.592,0
app_780,98.268,42.438,0.666,144.276,3.735,80,0.595,0
app_781,153.213,18.299,0.318,138.996,0.111,65,0.246,1
app_782,147.706,54.107,0.371,121.876,3.405,75,0.303,0
app_783,116.696,36.555,0.831,151.1,1.81,98,0.172,1
app_784,130.103,40.888,0.97,221.067,1.156,63,0.433,1
app_785,121.931,12.262,0.55,119.201,3.018,74,0.226,0
app_786,130.806,24.203,0.804,72.558,3.563,94,0.209,0
app_787,105.24,48.224,0.483,213.154,4.81,83,0.993,0
app_788,114.55,56.642,0.498,225.676,0.714,88,0.019,1
app_789,136.13,14.865,0.699,77.668,3.252,72,0.493,0
app_790,107.421,44.994,0.37,278.623,3.427,88,0.293,0
app_791,129.131,42.201,0.354,229.416,2.958,63,0.898,1
app_792,169.917,49.822,0.129,199.118,0.431,93,0.31,0
app_793,74.612,57.961,0.573,222.566,3.537,80,0.619,0
app_794,171.693,33.479,0.111,144.609,0.437,90,0.346,0
app_795,163.918,65.142,0.228,164.426,4.352,93,0.754,0
app_796,115.896,40.386,0.953,100.462,4.696,70,0.869,0
app_797,62.308,37.347,0.892,236.724,4.209,61,0.268,1
app_798,132.478,38.199,0.494,79.852,3.313,71,0.317,0
app_799,141.032,26.423,0.443,196.689,3.49,71,0.737,0
app_800,115.904,35.926,0.502,43.208,3.908,80,0.741,0
app_801,61.279,45.427,0.124,252.353,1.269,96,0.502,0
app_802,90.992,14.002,0.513,190.809,4.419,85,0.278,0
app_803,121.398,34.207,0.681,92.831,4.667,84,0.692,0
app_804,99.384,39.578,0.613,85.391,4.099,72,0.466,0
app_805,143.271,39.525,0.837,103.158,4.909,90,0.839,0
app_806,138.783,31.635,0.966,166.363,2.704,74,0.232,0
app_807,150.06,35.372,0.147,209.342,4.406,64,0.662,1
app_808,124.537,51.098,0.612,99.504,2.107,69,0.897,1
app_809,134.721,51.513,0.648,105.253,3.932,95,0.417,0
app_810,90.173,27.79,0.816,173.989,3.853,74,0.194,1
app_811,126.599,49.22,0.95,203.046,1.901,88,0.958,0
app_812,129.385,33.98,0.205,160.83,0.564,63,0.383,1
app_813,93.711,31.935,0.225,163.371,1.577,61,0.678,1
app_814,113.208,45.088,0.101,114.431,2.233,77,0.216,0
app_815,101.95,10.031,0.5,210.947,2.094,84,0.377,0
app_816,191.786,51.291,0.365,221.155,2.484,67,0.159,1
app_817,176.2,36.632,0.631,168.906,1.354,97,0.697,0
app_818,98.888,51.644,0.432,58.838,1.503,70,0.896,0
app_819,74.593,48.28,0.428,57.579,0.305,92,0.343,0
app_820,193.816,46.232,0.507,181.875,4.934,66,0.937,1
app_821,100.107,29.453,0.247,153.497,2.789,97,0.435,0
app_822,114.461,30.043,0.536,151.14,0.924,76,0.764,0
app_823,80.109,55.598,0.893,144.456,4.172,62,0.831,1
app_824,105.528,88.223,0.737,138.764,4.656,77,0.79,0
app_825,120.824,58.008,0.234,260.501,4.481,83,0.904,0
app_826,169.094,35.544,0.976,183.635,4.987,62,0.379,1
app_827,114.848,30.45,0.082,177.909,2.86,68,0.545,1
app_828,79.698,53.052,0.718,101.307,4.818,75,0.145,1
app_829,168.745,46.788,0.09,104.306,1.705,82,0.78,0
app_830,171.343,43.764,0.722,149.058,4.914,75,0.189,1
app_831,172.382,44.419,0.86,200.078,0.349,68,0.145,1
app_832,94.299,37.386,0.046,35.275,3.464,86,0.677,0
app_833,112.891,43.2,0.871,113.227,2.845,89,0.807,0
app_834,121.533,59.097,0.778,124.355,4.565,77,0.604,0
app_835,151.781,38.308,0.571,86.027,1.537,61,0.961,1
app_836,110.278,40.685,0.345,151.578,0.733,80,0.857,0
app_837,158.533,18.221,0.206,160.245,2.541,63,0.333,1
app_838,119.439,23.377,0.222,165.925,2.494,70,0.165,1
app_839,138.517,57.503,0.695,226.032,2.149,61,0.437,1
app_840,130.893,24.539,0.033,125.555,0.077,96,0.995,0
app_841,93.431,38.198,0.412,122.474,3.239,67,0.555,1
app_842,79.124,27.585,0.136,175.15,4.581,91,0.849,0
app_843,121.663,65.011,0.762,153.949,1.158,72,0.897,0
app_844,132.101,39.214,0.631,127.162,1.29,79,0.265,0
app_845,131.585,28.933,0.406,182.022,1.065,99,0.172,1
app_846,129.074,32.595,0.033,188.439,2.677,73,0.007,1
app_847,97.97,41.476,0.914,164.647,2.936,72,0.751,0
app_848,138.865,58.984,0.167,106.372,2.483,66,0.367,1
app_849,96.115,35.085,0.859,32.299,1.528,62,0.898,1
app_850,101.597,57.934,0.996,125.263,0.131,61,0.839,1
app_851,128.498,28.533,0.018,76.758,0.389,69,0.541,1
app_852,91.052,43.645,0.309,120.687,2.697,86,0.336,0
app_853,140.363,45.228,0.526,158.194,0.731,72,0.886,0
app_854,139.18,19.777,0.002,223.534,1.534,69,0.658,1
app_855,112.682,21.65,0.008,102.577,2.758,93,0.243,0
app_856,114.946,53.394,0.077,106.475,2.661,83,0.137,1
app_857,144.772,44.255,0.011,157.796,0.169,66,0.307,1
app_858,115.071,32.381,0.842,147.364,1.943,90,0.189,1
app_859,144.726,44.483,0.99,85.448,3.757,96,0.067,1
app_860,135.472,65.256,0.432,173.237,1.421,81,0.294,0
app_861,139.974,53.326,0.498,155.071,2.173,99,0.95,0
app_862,135.443,65.123,0.034,188.635,4.096,66,0.585,1
app_863,149.282,24.537,0.889,141.372,3.928,85,0.921,0
app_864,133.91,68.527,0.906,70.261,3.386,94,0.675,0
app_865,152.614,16.298,0.594,85.347,1.888,81,0.357,0
app_866,112.888,30.187,0.438,111.922,1.162,84,0.165,1
app_867,154.569,45.596,0.328,190.172,1.959,90,0.066,1
app_868,148.379,36.061,0.718,102.935,4.964,81,0.53,0
app_869,123.428,7.586,0.833,146.683,1.768,93,0.212,0
app_870,122.23,47.081,0.466,179.211,3.747,94,0.927,0
app_871,142.853,52.037,0.908,208.677,1.847,86,0.907,0
app_872,109.786,49.445,0.215,163.386,0.754,84,0.583,0
app_873,169.737,54.207,0.391,160.331,1.17,74,0.979,0
app_874,136.35,45.135,0.665,278.601,2.479,90,0.465,0
app_875,132.576,31.746,0.544,167.208,4.412,91,0.979,0
app_876,169.179,29.815,0.6,88.488,2.209,83,0.946,0
app_877,82.022,18.98,0.581,61.425,1.933,86,0.226,0
app_878,137.873,40.402,0.719,135.5,3.681,61,0.471,1
app_879,115.934,44.331,0.294,156.216,2.512,68,0.453,1
app_880,125.33,72.915,0.046,126.155,2.753,83,0.346,0
app_881,84.449,37.708,0.02,120.75,0.085,69,0.632,1
app_882,146.32,43.422,0.401,178.921,3.352,96,0.301,0
app_883,78.571,39.867,0.139,244.792,2.969,75,0.376,0
app_884,161.097,36.981,0.667,114.284,1.334,86,0.266,0
app_885,167.438,31.139,0.273,77.256,0.053,81,0.986,0
app_886,155.254,43.594,0.446,166.154,0.633,63,0.652,1
app_887,99.848,52.687,0.85,136.733,1.921,92,0.769,0
app_888,109.952,38.499,0.212,145.014,3.758,73,0.356,0
app_889,84.507,60.399,0.442,129.168,0.952,60,0.658,1
app_890,157.706,50.149,0.679,196.214,3.323,89,0.653,0
app_891,74.17,45.033,0.297,183.166,3.5,83,0.661,0
app_892,105.206,71.072,0.34,161.575,4.081,62,0.965,1
app_893,152.405,39.397,0.182,103.718,3.566,66,0.889,1
app_894,94.586,41.001,0.575,205.031,3.098,75,0.449,0
app_895,139.533,24.271,0.285,139.686,1.134,97,0.928,0
app_896,122.077,45.234,0.363,89.132,4.693,77,0.282,0
app_897,61.556,53.304,0.907,219.935,3.346,84,0.294,0
app_898,106.685,41.17,0.735,155.074,2.293,62,0.998,1
app_899,142.448,40.337,0.206,138.651,3.123,96,0.185,1
app_900,90.956,23.944,0.634,183.518,1.6,63,0.925,1
app_901,156.702,34.401,0.125,122.415,2.913,75,0.148,1
app_902,157.304,45.481,0.934,168.76,4.145,61,0.384,1
app_903,141.286,38.573,0.629,144.562,3.649,75,0.971,0
app_904,60.314,33.406,0.665,159.815,1.634,75,0.626,0
app_905,121.154,52.2,0.117,222.498,1.095,66,0.819,1
app_906,109.529,56.188,0.404,135.723,0.131,90,0.851,0
app_907,131.01,5,0.684,166.363,0.764,65,0.723,1
app_908,95.88,19.079,0.908,121.66,2.859,87,0.331,0
app_909,126.631,43.369,0.088,188.993,4.82,87,0.936,0
app_910,97.849,64.708,0.995,165.914,4.537,76,0.121,1
app_911,118.573,26.231,0.486,233.558,3.679,97,0.337,0
app_912,120.108,53.801,0.463,188.188,2.291,83,0.929,0
app_913,124.122,60.387,0.315,165.721,0.366,99,0.322,0
app_914,151.604,55.735,0.684,20.505,1.475,75,0.811,0
app_915,94.444,47.233,0.73,220.074,3.912,86,0.683,0
app_916,112.667,58.705,0.916,81.035,1.633,99,0.142,1
app_917,113.697,44.848,0.484,94.679,1.527,69,0.138,1
app_918,163.243,47.122,0.179,212.994,2.216,79,0.84,0
app_919,117.816,22.535,0.703,147.824,4.305,95,0.727,0
app_920,133.678,67.2,0.291,251.608,3.926,69,0.387,1
app_921,115.661,46.523,0.937,224.053,1.369,70,0.159,1
app_922,130.73,50.42,0.901,114.891,4.235,82,0.25,0
app_923,141.671,54.178,0.251,164.543,3.904,91,0.798,0
app_924,63.868,15.661,0.889,198.885,4.623,80,0.528,0
app_925,115.296,41.222,0.321,175.433,4.56,77,0.793,0
app_926,77.18,39.562,0.618,172.821,1.767,99,0.173,1
app_927,169.282,56.871,0.1,103.64,4.365,77,0.832,0
app_928,143.76,43.488,0.461,211.725,3.035,72,0.894,0
app_929,127.487,33.545,0.253,124.854,0.031,75,0.29,0
app_930,132.534,34.593,0.714,145.497,1.982,68,0.724,1
app_931,198.276,34.487,0.889,160.638,0.757,86,0.698,0
app_932,99.001,51.994,0.467,147.336,3.176,82,0.786,0
app_933,132.746,18.529,0.23,121.466,4.568,92,0.583,0
app_934,106.15,44.218,0.073,83.911,1.566,74,0.535,0
app_935,81.483,60.734,0.256,113.296,3.668,71,0.321,0
app_936,156.47,68.071,0.914,124.003,3.559,61,0.305,1
app_937,126.635,51.013,0.514,218.27,3.905,69,0.734,1
app_938,115.377,25.714,0.101,100.858,1.357,60,0.111,1
app_939,119.322,41.326,0.023,125.873,2.962,93,0.171,1
app_940,120.551,30.04,0.964,131.794,3.744,66,0.415,1
app_941,126.828,29.333,0.105,250.382,3.42,77,0.313,0
app_942,159.828,39.469,0.974,163.932,2.872,96,0.567,0
app_943,152.729,48.049,0.024,90.272,2.57,99,0.244,0
app_944,142.487,48.021,0.715,44.996,2.0,78,0.801,0
app_945,115.547,38.273,0.75,141.325,0.838,83,0.394,0
app_946,111.288,51.806,0.303,65.484,3.139,69,0.672,1
app_947,112.811,47.249,0.362,54.201,0.841,63,0.642,1
app_948,133.988,40.284,0.198,87.353,1.01,86,0.69,0
app_949,85.026,26.434,0.926,180.716,2.003,99,0.979,0
app_950,61.694,53.602,0.629,184.459,4.461,92,0.416,0
app_951,86.843,54.442,0.331,213.163,1.562,69,0.907,1
app_952,135.282,22.536,0.7,180.056,2.918,72,0.865,0
app_953,156.389,34.307,0.687,137.74,3.748,71,0.658,0
app_954,96.53,25.607,0.001,120.623,2.119,80,0.551,0
app_955,127.347,14.978,0.47,178.533,0.295,89,0.227,0
app_956,82.143,57.781,0.071,173.145,1.491,64,0.169,1
app_957,103.704,56.564,0.427,237.75,3.369,60,0.541,1
app_958,96.927,33.49,0.059,141.33,3.14,71,0.263,0
app_959,164.449,21.388,0.972,120.276,3.925,84,0.362,0
app_960,103.545,32.787,0.605,137.506,4.454,65,0.544,1
app_961,149.799,30.493,0.772,157.374,0.915,62,0.103,1
app_962,102.459,70.029,0.745,192.141,4.795,60,0.145,1
app_963,54.194,46.439,0.15,54.378,4.625,71,0.817,0
app_964,135.664,45.661,0.143,192.255,0.779,64,0.233,1
app_965,90.668,17.872,0.82,185.891,0.535,66,0.826,1
app_966,89.527,5.592,0.756,134.53,2.953,97,0.268,0
app_967,94.626,27.048,0.49,194.278,4.359,85,0.108,1
app_968,161.596,30.123,0.252,254.018,0.244,91,0.899,0
app_969,149.844,46.353,0.712,210.994,0.995,72,0.517,0
app_970,117.788,31.281,0.055,146.337,3.738,92,0.479,0
app_971,136.932,57.843,0.564,150.996,1.436,86,0.294,0
app_972,159.247,59.306,0.005,137.965,3.738,96,0.025,1
app_973,108.343,37.439,0.121,89.793,2.394,79,0.751,0
app_974,113.319,34.181,0.138,147.981,3.382,73,0.398,0
app_975,165.127,20.761,0.946,187.671,4.24,99,0.533,0
app_976,141.187,50.443,0.274,106.785,2.69,75,0.598,0
app_977,130.162,57.3,0.773,185.752,2.231,75,0.542,0
app_978,167.518,41.975,0.239,121.158,4.833,61,0.284,1
app_979,93.371,24.426,0.714,126.646,2.402,76,0.253,0
app_980,93.8,12.577,0.43,95.373,3.793,69,0.982,1
app_981,147.418,29.351,0.009,23.95,4.596,81,0.875,0
app_982,92.313,50.335,0.786,203.511,4.744,83,0.889,0
app_983,163.386,47.712,0.861,136.688,4.158,99,0.007,1
app_984,116.411,16.564,0.348,190.528,2.379,88,0.918,0
app_985,173.179,44.712,0.66,193.365,1.056,94,0.144,1
app_986,107.697,46.016,0.865,186.134,0.748,63,0.93,1
app_987,69.937,31.863,0.966,174.326,0.392,68,0.767,1
app_988,95.469,36.658,0.883,158.252,1.794,76,0.459,0
app_989,112.021,45.965,0.618,137.008,4.099,96,0.684,0
app_990,113.147,37.939,0.656,154.302,1.528,95,0.876,0
app_991,103.356,49.905,0.505,32.76,3.723,78,0.816,0
app_992,72.49,69.705,0.317,203.112,1.271,75,0.178,1
app_993,98.643,42.486,0.007,127.164,2.531,88,0.595,0
app_994,93.187,43.759,0.001,118.55,0.27,84,0.677,0
app_995,149.813,23.45,0.257,78.207,0.749,79,0.004,1
app_996,107.84,73.643,0.685,159.305,1.397,92,0.253,0
app_997,133.692,25.979,0.292,97.623,3.693,60,0.186,1
app_998,145.883,76.883,0.774,145.555,4.626,66,0.432,1
app_999,116.581,23.058,0.852,137.141,3.821,61,0.225,1
app_1000,126.156,50.536,0.245,157.375,1.304,65,0.849,1
app_1001,139.552,26.819,0.593,148.749,0.202,83,0.996,0
app_1002,95.739,64.865,0.647,104.766,3.143,77,0.172,1
app_1003,126.247,25.485,0.517,192.355,1.988,98,0.304,0
app_1004,137.902,40.963,0.898,128.559,2.455,89,0.21,0
app_1005,114.827,29.33,0.83,165.111,4.69,99,0.167,1
app_1006,112.99,43.579,0.128,187.094,3.547,71,0.734,0
app_1007,118.772,30.178,0.517,204.95,3.038,84,0.106,1
app_1008,112.702,25.156,0.161,210.137,2.258,84,0.282,0
app_1009,70.898,19.309,0.137,113.413,2.744,97,0.56,0
app_1010,102.874,37.511,0.116,116.115,0.763,80,0.806,0
app_1011,87.206,47.587,0.616,259.135,0.144,87,0.123,1
app_1012,142.812,52.551,0.721,160.665,1.863,81,0.688,0
app_1013,133.852,27.62,0.194,84.732,3.132,62,0.629,1
app_1014,126.103,38.33,0.543,186.266,0.236,74,0.081,1
app_1015,121.577,51.491,0.749,122.94,1.378,80,0.828,0
app_1016,114.725,67.011,0.226,147.896,1.604,69,0.268,1
app_1017,110.194,25.502,0.765,108.476,1.746,92,0.086,1
app_1018,185.521,31.757,0.328,107.135,3.815,92,0.841,0
app_1019,108.285,16.04,0.737,102.662,1.707,76,0.286,0
app_1020,161.496,13.324,0.607,133.128,3.909,97,0.113,1
app_1021,152.741,42.754,0.754,138.802,2.941,77,0.891,0
app_1022,158.669,49.486,0.503,127.892,4.474,92,0.269,0
app_1023,145.269,40.747,0.935,163.494,3.249,73,0.615,0
app_1024,110.345,50.41,0.902,152.727,2.681,65,0.084,1
app_1025,142.323,40.572,0.761,183.596,3.664,99,0.386,0
app_1026,95.257,19.322,0.365,225.468,1.547,75,0.226,0
app_1027,104.173,49.568,0.548,123.628,0.153,81,0.446,0
app_1028,90.059,50.349,0.806,152.687,0.809,78,0.653,0
app_1029,170.712,44.682,0.248,112.394,1.37,83,0.044,1
app_1030,110.041,20.404,0.97,179.32,1.077,64,0.137,1
app_1031,87.139,39.529,0.723,138.453,1.561,84,0.786,0
app_1032,62.649,40.146,0.104,87.699,1.915,80,0.309,0
app_1033,129.671,55.196,0.634,151.457,0.994,76,0.553,0
app_1034,117.426,58.955,0.354,142.799,1.528,74,0.994,0
app_1035,60.552,47.494,0.212,130.456,4.081,70,0.219,0
app_1036,161.162,31.804,0.962,119.817,0.105,98,0.98,0
app_1037,138.82,26.462,0.329,172.616,4.108,96,0.294,0
app_1038,71.98,45.77,0.941,199.126,2.97,74,0.384,0
app_1039,110.625,53.121,0.912,175.716,3.69,65,0.876,1
app_1040,150.896,33.344,0.766,162.308,1.455,83,0.808,0
app_1041,122.212,45.886,0.414,153.238,1.461,69,0.53,1
app_1042,181.714,38.519,0.428,83.064,3.464,68,0.914,1
app_1043,96.71,19.883,0.779,70.826,4.447,60,0.147,1
app_1044,99.412,9.074,0.242,159.626,2.555,95,0.964,0
app_1045,105.01,29.226,0.279,161.055,3.244,65,0.646,1
app_1046,162.317,65.884,0.337,123.759,0.874,80,0.243,0
app_1047,95.967,36.657,0.522,195.975,2.512,88,0.528,0
app_1048,126.911,66.086,0.802,142.541,4.936,75,0.882,0
app_1049,157.493,45.815,0.186,108.033,4.0,61,0.825,1
app_1050,110.888,49.599,0.217,77.805,2.524,81,0.411,0
app_1051,88.002,55.695,0.479,218.433,3.073,90,0.24,0
app_1052,107.261,52.393,0.234,120.56,2.267,65,0.244,1
app_1053,78.9,33.575,0.848,146.875,2.808,80,0.576,0
app_1054,48.647,48.145,0.756,145.76,2.802,98,0.704,1
app_1055,117.58,5,0.477,180.447,0.461,82,0.334,0
app_1056,122.17,40.979,0.649,109.039,2.816,92,0.083,1
app_1057,114.188,6.048,0.53,142.236,4.106,97,0.991,0
app_1058,156.029,28.747,0.053,189.318,1.685,87,0.956,0
app_1059,140.108,47.314,0.007,145.816,0.77,96,0.1,1
app_1060,74.891,65.708,0.495,90.953,2.915,99,0.484,0
app_1061,157.002,61.331,0.177,31.577,0.565,95,0.405,0
app_1062,121.297,38.628,0.266,178.183,2.58,76,0.324,0
app_1063,132.27,37.996,0.084,132.374,0.444,78,0.057,1
app_1064,134.476,44.059,0.695,89.114,1.602,79,0.455,0
app_1065,146.698,21.315,0.858,49.613,4.986,98,0.623,0
app_1066,107.116,6.592,0.334,166.259,3.531,88,0.281,0
app_1067,102.393,42.627,0.993,124.043,2.71,78,0.861,0
app_1068,114.046,33.238,0.964,203.711,4.416,95,0.856,0
app_1069,115.446,28.097,0.617,106.756,4.779,86,0.212,0
app_1070,138.67,35.84,0.899,66.077,2.099,91,0.855,0
app_1071,117.87,63.464,0.365,222.467,2.329,79,0.256,0
app_1072,170.462,11.89,0.296,195.303,2.629,69,0.025,1
app_1073,129.535,5.897,0.748,205.435,4.879,99,0.253,0
app_1074,124.514,15.63,0.922,200.481,2.596,82,0.352,0
app_1075,82.517,39.495,0.616,152.098,3.174,90,0.154,1
app_1076,110.932,54.091,0.317,81.044,0.785,95,0.882,0
app_1077,122.05,30.742,0.935,87.799,3.181,95,0.896,0
app_1078,114.992,34.41,0.973,125.643,0.405,62,0.37,1
app_1079,130.57,46.607,0.281,185.134,3.274,70,0.589,0
app_1080,88.152,26.444,0.455,220.822,3.0,67,0.577,1
app_1081,146.976,57.592,0.377,129.734,3.12,74,0.638,0
app_1082,161.763,38.599,0.88,177.681,0.547,80,0.463,0
app_1083,75.669,39.049,0.737,193.697,0.981,63,0.561,1
app_1084,92.59,39.146,0.281,170.566,2.249,86,0.676,0
app_1085,114.882,35.075,0.164,157.513,0.343,81,0.699,0
app_1086,116.416,55.799,0.55,165.445,2.074,94,0.901,0
app_1087,143.552,58.374,0.745,165.919,1.148,84,0.728,0
app_1088,113.777,53.99,0.125,215.925,1.391,74,0.148,1
app_1089,118.712,32.118,0.252,116.266,1.573,64,0.293,1
app_1090,80.248,51.522,0.122,85.29,2.857,79,0.544,0
app_1091,123.681,34.491,0.283,95.612,1.752,67,0.154,1
app_1092,111.56,43.884,0.34,128.239,4.558,72,0.799,0
app_1093,97.21,33.516,0.376,97.741,4.051,79,0.739,0
app_1094,155.322,17.904,0.3,226.874,4.921,66,0.311,1
app_1095,73.28,52.484,0.34,209.495,4.764,62,0.369,1
app_1096,126.55,22.515,0.545,164.449,1.311,89,0.381,0
app_1097,139.557,66.508,0.992,83.065,4.757,97,0.958,0
app_1098,74.888,26.299,0.799,132.862,4.05,98,0.053,1
app_1099,84.351,44.721,0.628,130.627,4.213,83,0.032,1
app_1100,61.9,53.004,0.538,140.684,3.208,98,0.176,1
app_1101,122.399,54.35,0.038,101.654,4.198,87,0.154,1
app_1102,128.996,32.73,0.86,131.184,3.334,95,0.302,0
app_1103,118.827,29.387,0.022,158.575,2.629,85,0.364,0
app_1104,115.114,27.153,0.729,148.91,4.797,85,0.721,0
app_1105,179.073,35.366,0.693,162.011,4.223,88,0.264,0
app_1106,151.993,36.213,0.555,127.448,4.595,78,0.867,0
app_1107,161.282,5,0.704,101.367,4.057,77,0.378,0
app_1108,122.451,55.872,0.736,211.442,2.499,94,0.428,0
app_1109,127.252,50.104,0.955,152.412,4.872,73,0.649,0
app_1110,81.718,38.476,0.432,167.498,2.135,71,0.999,0
app_1111,87.446,39.595,0.832,132.711,2.696,75,0.649,0
app_1112,53.294,10.291,0.415,166.119,2.274,64,0.852,1
app_1113,94.635,31.572,0.499,150.213,1.037,73,0.744,0
app_1114,135.79,14.474,0.261,89.701,2.126,89,0.661,0
app_1115,82.032,42.431,0.801,188.444,0.687,88,0.094,1
app_1116,150.464,24.834,0.592,169.708,0.166,66,0.6,1
app_1117,122.764,38.934,0.303,90.708,0.066,82,0.849,0
app_1118,104.611,43.579,0.823,184.538,1.312,60,0.96,1
app_1119,158.096,29.536,0.867,139.259,2.379,82,0.24,0
app_1120,93.631,50.4,0.377,155.641,4.02,71,0.672,0
app_1121,163.637,35.852,0.149,74.649,1.445,77,0.305,0
app_1122,113.655,38.848,0.706,244.559,4.487,86,0.832,0
app_1123,103.873,13.233,0.902,188.68,2.988,97,0.348,0
app_1124,97.751,30.946,0.423,143.53,3.878,74,0.964,0
app_1125,105.301,52.195,0.743,140.156,4.466,99,0.712,0
app_1126,148.212,8.189,0.223,224.94,0.976,94,0.548,0
app_1127,86.233,34.383,0.454,112.453,1.911,68,0.103,1
app_1128,133.821,73.446,0.358,251.942,1.777,63,0.971,1
app_1129,105.97,26.641,0.3,168.06,0.148,66,0.628,1
app_1130,152.83,48.422,0.322,195.831,0.79,60,0.233,1
app_1131,120.405,34.184,0.193,193.388,2.194,80,0.684,0
app_1132,190.513,32.732,0.543,103.937,4.027,67,0.151,1
app_1133,122.997,51.407,0.081,127.551,4.263,95,0.842,0
app_1134,124.492,44.8,0.428,124.35,0.366,88,0.399,0
app_1135,82.59,39.64,0.81,220.177,4.678,85,0.381,0
app_1136,118.137,28.596,0.572,131.917,0.018,86,0.487,0
app_1137,51.864,40.22,0.001,47.375,2.989,86,0.822,0
app_1138,138.701,35.584,0.106,181.5,1.865,70,0.249,0
app_1139,116.327,78.877,0.207,99.708,0.546,77,0.667,0
app_1140,110.55,69.134,0.748,69.694,1.228,82,0.603,0
app_1141,169.015,29.176,0.926,195.529,2.41,99,0.609,0
app_1142,155.335,28.024,0.343,133.594,0.897,83,0.835,0
app_1143,111.055,48.594,0.326,162.834,1.075,67,0.82,1
app_1144,129.412,47.947,0.631,166.36,1.689,62,0.525,1
app_1145,181.969,43.147,0.845,150.506,0.654,93,0.293,0
app_1146,153.785,10.788,0.129,22.598,2.604,81,0.28,0
app_1147,114.911,57.016,0.549,168.673,4.515,90,0.174,1
app_1148,104.886,27.993,0.582,122.173,1.315,66,0.6,1
app_1149,152.223,16.579,0.62,143.922,0.942,60,0.646,1
app_1150,132.612,55.499,0.137,113.649,0.783,60,0.889,1
app_1151,132.522,56.127,0.792,150.675,4.728,63,0.637,1
app_1152,136.311,42.545,0.369,168.585,2.613,86,0.419,0
app_1153,80.363,43.694,0.547,106.624,2.939,72,0.068,1
app_1154,102.724,43.494,0.057,134.461,1.223,80,0.097,1
app_1155,106.672,35.519,0.779,116.312,3.238,72,0.083,1
app_1156,80.031,24.727,0.31,106.271,0.374,70,0.827,0
app_1157,131.857,33.286,0.303,246.719,4.227,98,0.48,0
app_1158,167.404,11.842,0.722,195.212,0.415,99,0.734,0
app_1159,119.999,24.636,0.403,141.127,4.677,79,0.692,0
app_1160,78.155,35.986,0.382,79.504,2.578,84,0.331,0
app_1161,137.89,34.26,0.504,171.777,3.611,91,0.184,1
app_1162,117.646,44.79,0.311,232.954,3.861,93,0.346,0
app_1163,100.854,33.303,0.978,133.012,2.686,72,0.674,0
app_1164,96.405,30.176,0.122,210.942,4.579,90,0.721,0
app_1165,154.093,23.972,0.167,191.718,4.781,70,0.359,0
app_1166,116.537,53.865,0.391,156.303,4.714,95,0.677,0
app_1167,160.391,40.881,0.99,154.221,3.924,96,0.169,1
app_1168,130.916,42.528,0.921,31.736,4.521,72,0.829,0
app_1169,129.928,60.309,0.681,176.605,4.135,91,0.775,0
app_1170,136.243,37.647,0.382,227.503,3.856,74,0.965,0
app_1171,129.458,43.402,0.747,160.482,3.632,99,0.39,0
app_1172,107.556,60.975,0.388,207.654,1.101,81,0.846,0
app_1173,119.133,54.201,0.853,76.37,4.603,73,0.282,0
app_1174,108.79,29.914,0.527,203.74,0.246,64,0.4,1
app_1175,123.929,21.096,0.281,87.469,1.56,84,0.394,0
app_1176,58.473,23.753,0.506,20,0.464,93,0.439,0
app_1177,155.521,37.86,0.023,126.453,1.025,67,0.193,1
app_1178,96.759,34.271,0.65,132.742,1.732,68,0.377,1
app_1179,161.178,33.539,0.486,106.207,3.926,81,0.12,1
app_1180,101.249,51.407,0.295,98.509,1.558,85,0.423,0
app_1181,67.797,34.322,0.136,179.642,4.586,62,0.244,1
app_1182,186.395,14.036,0.28,201.837,2.115,68,0.439,1
app_1183,147.287,24.168,0.809,206.59,2.608,91,0.594,0
app_1184,85.795,50.299,0.96,164.889,4.86,82,0.194,1
app_1185,130.979,20.875,0.116,110.273,1.048,84,0.163,1
app_1186,92.422,38.554,0.795,166.702,0.734,83,0.693,0
app_1187,112.374,57.017,0.244,187.268,3.794,72,0.869,0
app_1188,151.556,36.81,0.183,151.527,3.59,94,0.483,0
app_1189,117.506,46.758,0.46,226.919,0.536,70,0.678,0
app_1190,136.285,48.695,0.349,234.766,1.993,81,0.508,0
app_1191,135.66,52.047,0.538,194.986,4.475,70,0.462,0
app_1192,112.398,39.952,0.308,176.005,0.417,64,0.87,1
app_1193,116.372,67.937,0.585,170.344,1.122,74,0.818,0
app_1194,108.6,31.599,0.68,198.153,0.893,86,0.934,0
app_1195,92.807,59.182,0.931,147.474,1.479,78,0.883,0
app_1196,91.944,54.314,0.92,161.706,2.448,86,0.033,1
app_1197,66.832,33.794,0.438,177.16,0.696,93,0.807,0
app_1198,110.546,61.952,0.193,54.346,2.687,78,0.476,0
app_1199,151.457,53.229,0.169,33.996,3.59,92,0.958,0
